<?xml version="1.0" encoding="UTF-8"?>
<project-private xmlns="http://www.netbeans.org/ns/project-private/1">
    <editor-bookmarks xmlns="http://www.netbeans.org/ns/editor-bookmarks/2" lastBookmarkId="0"/>
    <open-files xmlns="http://www.netbeans.org/ns/projectui-open-files/2">
        <group>
            <file>file:/C:/Users/AustinGnanaraj/Documents/NetBeansProjects/Algorithm_Assignment5_List/src/algorithm_assignment5/LinearProbingHashTableTest.java</file>
            <file>file:/C:/Users/AustinGnanaraj/Documents/NetBeansProjects/Algorithm_Assignment5_List/src/algorithm_assignment5/LinearProbingHashTable.java</file>
            <file>file:/C:/Users/AustinGnanaraj/Documents/NetBeansProjects/Algorithm_Assignment5_List/src/algorithm_assignment5/InvertedIndex.java</file>
        </group>
    </open-files>
</project-private>
